{"owner":{"displayName":"Data Lake Administrator","email":null,"enabled":true,"groups":["admin","user"],"systemName":"dladmin"},"allowedActions":{"actions":[{"systemName":"accessTemplate","actions":[{"systemName":"editTemplate"},{"systemName":"deleteTemplate"},{"systemName":"exportTemplate"},{"systemName":"createFeedFromTemplate"},{"systemName":"changeTemplatePermissions"}]}]},"roleMemberships":[],"properties":[{"processGroupName":"NiFi Flow","processorName":"Query Hive Table Schema","processorId":"2bd64d86-2b1f-1ef0-0000-000000000000","processGroupId":"7c664aaf-3d33-447e-0000-000000000000","processorType":"org.apache.nifi.processors.standard.ExecuteSQL","key":"SQL select query","value":"SELECT d.NAME DATABASE_NAME, d.OWNER_NAME OWNER, t.CREATE_TIME, t.TBL_NAME, t.TBL_TYPE,\n    c.COLUMN_NAME, c.TYPE_NAME\n    FROM ${config.hive.schema}.COLUMNS_V2 c\n    JOIN ${config.hive.schema}.SDS s on s.CD_ID = c.CD_ID\n    JOIN  ${config.hive.schema}.TBLS t ON s.SD_ID=t.SD_ID\n    JOIN  ${config.hive.schema}.DBS d on d.DB_ID = t.DB_ID\n    where d.name = '${category}'and t.tbl_name = '${feed}';","expressionProperties":null,"propertyDescriptor":{"name":"SQL select query","displayName":null,"description":null,"defaultValue":null,"allowableValues":null,"required":null,"sensitive":null,"dynamic":null,"supportsEl":null,"identifiesControllerService":null},"templateValue":"SELECT d.NAME DATABASE_NAME, d.OWNER_NAME OWNER, t.CREATE_TIME, t.TBL_NAME, t.TBL_TYPE,\n    c.COLUMN_NAME, c.TYPE_NAME\n    FROM ${config.hive.schema}.COLUMNS_V2 c\n    JOIN ${config.hive.schema}.SDS s on s.CD_ID = c.CD_ID\n    JOIN  ${config.hive.schema}.TBLS t ON s.SD_ID=t.SD_ID\n    JOIN  ${config.hive.schema}.DBS d on d.DB_ID = t.DB_ID\n    where d.name = '${category}'and t.tbl_name = '${feed}';","userEditable":false,"renderType":"text","renderOptions":{},"selected":true,"inputProperty":false,"containsConfigurationVariables":false,"sensitive":false,"required":false,"templateProperty":null,"nameKey":"NiFi Flow-Query Hive Table Schema-SQL select query","processorNameTypeKey":"Query Hive Table Schema-org.apache.nifi.processors.standard.ExecuteSQL-SQL select query","idKey":"7c664aaf-3d33-447e-0000-000000000000-2bd64d86-2b1f-1ef0-0000-000000000000-SQL select query"}],"nonInputProcessors":[{"properties":[{"processGroupName":"NiFi Flow","processorName":"Query Hive Table Schema","processorId":"2bd64d86-2b1f-1ef0-0000-000000000000","processGroupId":"7c664aaf-3d33-447e-0000-000000000000","processorType":"org.apache.nifi.processors.standard.ExecuteSQL","key":"SQL select query","value":"SELECT d.NAME DATABASE_NAME, d.OWNER_NAME OWNER, t.CREATE_TIME, t.TBL_NAME, t.TBL_TYPE,\n    c.COLUMN_NAME, c.TYPE_NAME\n    FROM ${config.hive.schema}.COLUMNS_V2 c\n    JOIN ${config.hive.schema}.SDS s on s.CD_ID = c.CD_ID\n    JOIN  ${config.hive.schema}.TBLS t ON s.SD_ID=t.SD_ID\n    JOIN  ${config.hive.schema}.DBS d on d.DB_ID = t.DB_ID\n    where d.name = '${category}'and t.tbl_name = '${feed}';","expressionProperties":null,"propertyDescriptor":{"name":"SQL select query","displayName":null,"description":null,"defaultValue":null,"allowableValues":null,"required":null,"sensitive":null,"dynamic":null,"supportsEl":null,"identifiesControllerService":null},"templateValue":"SELECT d.NAME DATABASE_NAME, d.OWNER_NAME OWNER, t.CREATE_TIME, t.TBL_NAME, t.TBL_TYPE,\n    c.COLUMN_NAME, c.TYPE_NAME\n    FROM ${config.hive.schema}.COLUMNS_V2 c\n    JOIN ${config.hive.schema}.SDS s on s.CD_ID = c.CD_ID\n    JOIN  ${config.hive.schema}.TBLS t ON s.SD_ID=t.SD_ID\n    JOIN  ${config.hive.schema}.DBS d on d.DB_ID = t.DB_ID\n    where d.name = '${category}'and t.tbl_name = '${feed}';","userEditable":false,"renderType":"text","renderOptions":{},"selected":true,"inputProperty":false,"containsConfigurationVariables":false,"sensitive":false,"required":false,"templateProperty":null,"nameKey":"NiFi Flow-Query Hive Table Schema-SQL select query","processorNameTypeKey":"Query Hive Table Schema-org.apache.nifi.processors.standard.ExecuteSQL-SQL select query","idKey":"7c664aaf-3d33-447e-0000-000000000000-2bd64d86-2b1f-1ef0-0000-000000000000-SQL select query"}],"type":"org.apache.nifi.processors.standard.ExecuteSQL","name":"Query Hive Table Schema","id":"2bd64d86-2b1f-1ef0-0000-000000000000","groupName":"NiFi Flow","groupId":"7c664aaf-3d33-447e-0000-000000000000","inputProcessor":false,"userDefinedInputProcessor":false}],"inputProcessors":[],"id":"0a4b6684-3026-47e5-8db4-5a2af28fd413","nifiTemplateId":"232362a1-17cf-4786-bbf7-38c910914da6","templateName":"Index Schema Service","updateDate":1493582508640,"createDate":1493582506910,"icon":"message","iconColor":"#80CBC4","description":"Global Schema Index Service","state":"ENABLED","defineTable":false,"reusableTemplate":false,"reusableTemplateConnections":[],"registeredDatasourceDefinitions":[],"order":1,"templateOrder":null,"feedsCount":1,"stream":false,"configurationProperties":[],"sensitiveProperties":[],"allowPreconditions":false,"dataTransformation":false,"isStream":false}