{"owner":{"displayName":"Data Lake Administrator","email":null,"enabled":true,"groups":["admin","user"],"systemName":"dladmin"},"allowedActions":{"actions":[{"systemName":"accessTemplate","actions":[{"systemName":"editTemplate"},{"systemName":"deleteTemplate"},{"systemName":"exportTemplate"},{"systemName":"createFeedFromTemplate"},{"systemName":"changeTemplatePermissions"}]}]},"roleMemberships":[],"properties":[{"processGroupName":"NiFi Flow","processorName":"Trigger Cleanup","processorId":"a0b57336-03c9-4c82-423f-a6a75c32e24a","processGroupId":"83eb7aca-015b-1000-bec5-2513fc8d4d5a","processorType":"com.thinkbiganalytics.nifi.v2.metadata.TriggerCleanup","key":"System feed category","value":"${metadata.category.systemName}","expressionProperties":null,"propertyDescriptor":{"name":"System feed category","displayName":null,"description":null,"defaultValue":null,"allowableValues":null,"required":null,"sensitive":null,"dynamic":null,"supportsEl":null,"identifiesControllerService":null},"templateValue":"${metadata.category.systemName}","userEditable":false,"renderType":"text","renderOptions":{},"selected":true,"inputProperty":true,"containsConfigurationVariables":false,"sensitive":false,"required":false,"templateProperty":null,"nameKey":"NiFi Flow-Trigger Cleanup-System feed category","processorNameTypeKey":"Trigger Cleanup-com.thinkbiganalytics.nifi.v2.metadata.TriggerCleanup-System feed category","idKey":"83eb7aca-015b-1000-bec5-2513fc8d4d5a-a0b57336-03c9-4c82-423f-a6a75c32e24a-System feed category"},{"processGroupName":"NiFi Flow","processorName":"Trigger Cleanup","processorId":"a0b57336-03c9-4c82-423f-a6a75c32e24a","processGroupId":"83eb7aca-015b-1000-bec5-2513fc8d4d5a","processorType":"com.thinkbiganalytics.nifi.v2.metadata.TriggerCleanup","key":"System feed name","value":"${metadata.systemFeedName}","expressionProperties":null,"propertyDescriptor":{"name":"System feed name","displayName":null,"description":null,"defaultValue":null,"allowableValues":null,"required":null,"sensitive":null,"dynamic":null,"supportsEl":null,"identifiesControllerService":null},"templateValue":"${metadata.systemFeedName}","userEditable":false,"renderType":"text","renderOptions":{},"selected":true,"inputProperty":true,"containsConfigurationVariables":false,"sensitive":false,"required":false,"templateProperty":null,"nameKey":"NiFi Flow-Trigger Cleanup-System feed name","processorNameTypeKey":"Trigger Cleanup-com.thinkbiganalytics.nifi.v2.metadata.TriggerCleanup-System feed name","idKey":"83eb7aca-015b-1000-bec5-2513fc8d4d5a-a0b57336-03c9-4c82-423f-a6a75c32e24a-System feed name"},{"processGroupName":"NiFi Flow","processorName":"Update flow parameters","processorId":"4d9697e4-c878-4bfc-d7c4-e2cc9b2085a3","processGroupId":"83eb7aca-015b-1000-bec5-2513fc8d4d5a","processorType":"org.apache.nifi.processors.attributes.UpdateAttribute","key":"category","value":"${metadata.category.systemName}","expressionProperties":null,"propertyDescriptor":{"name":"category","displayName":null,"description":null,"defaultValue":null,"allowableValues":null,"required":null,"sensitive":null,"dynamic":null,"supportsEl":null,"identifiesControllerService":null},"templateValue":"${metadata.category.systemName}","userEditable":false,"renderType":"text","renderOptions":{},"selected":true,"inputProperty":false,"containsConfigurationVariables":false,"sensitive":false,"required":false,"templateProperty":null,"nameKey":"NiFi Flow-Update flow parameters-category","processorNameTypeKey":"Update flow parameters-org.apache.nifi.processors.attributes.UpdateAttribute-category","idKey":"83eb7aca-015b-1000-bec5-2513fc8d4d5a-4d9697e4-c878-4bfc-d7c4-e2cc9b2085a3-category"},{"processGroupName":"NiFi Flow","processorName":"Update flow parameters","processorId":"4d9697e4-c878-4bfc-d7c4-e2cc9b2085a3","processGroupId":"83eb7aca-015b-1000-bec5-2513fc8d4d5a","processorType":"org.apache.nifi.processors.attributes.UpdateAttribute","key":"feed","value":"${metadata.systemFeedName}","expressionProperties":null,"propertyDescriptor":{"name":"feed","displayName":null,"description":null,"defaultValue":null,"allowableValues":null,"required":null,"sensitive":null,"dynamic":null,"supportsEl":null,"identifiesControllerService":null},"templateValue":"${metadata.systemFeedName}","userEditable":false,"renderType":"text","renderOptions":{},"selected":true,"inputProperty":false,"containsConfigurationVariables":false,"sensitive":false,"required":false,"templateProperty":null,"nameKey":"NiFi Flow-Update flow parameters-feed","processorNameTypeKey":"Update flow parameters-org.apache.nifi.processors.attributes.UpdateAttribute-feed","idKey":"83eb7aca-015b-1000-bec5-2513fc8d4d5a-4d9697e4-c878-4bfc-d7c4-e2cc9b2085a3-feed"},{"processGroupName":"NiFi Flow","processorName":"Update flow parameters","processorId":"4d9697e4-c878-4bfc-d7c4-e2cc9b2085a3","processGroupId":"83eb7aca-015b-1000-bec5-2513fc8d4d5a","processorType":"org.apache.nifi.processors.attributes.UpdateAttribute","key":"hdfs.ingest.root","value":"${config.hdfs.ingest.root}","expressionProperties":null,"propertyDescriptor":{"name":"hdfs.ingest.root","displayName":null,"description":null,"defaultValue":null,"allowableValues":null,"required":null,"sensitive":null,"dynamic":null,"supportsEl":null,"identifiesControllerService":null},"templateValue":"${config.hdfs.ingest.root}","userEditable":false,"renderType":"text","renderOptions":{},"selected":true,"inputProperty":false,"containsConfigurationVariables":false,"sensitive":false,"required":false,"templateProperty":null,"nameKey":"NiFi Flow-Update flow parameters-hdfs.ingest.root","processorNameTypeKey":"Update flow parameters-org.apache.nifi.processors.attributes.UpdateAttribute-hdfs.ingest.root","idKey":"83eb7aca-015b-1000-bec5-2513fc8d4d5a-4d9697e4-c878-4bfc-d7c4-e2cc9b2085a3-hdfs.ingest.root"},{"processGroupName":"NiFi Flow","processorName":"Update flow parameters","processorId":"4d9697e4-c878-4bfc-d7c4-e2cc9b2085a3","processGroupId":"83eb7aca-015b-1000-bec5-2513fc8d4d5a","processorType":"org.apache.nifi.processors.attributes.UpdateAttribute","key":"hive.ingest.root","value":"${config.hive.ingest.root}","expressionProperties":null,"propertyDescriptor":{"name":"hive.ingest.root","displayName":null,"description":null,"defaultValue":null,"allowableValues":null,"required":null,"sensitive":null,"dynamic":null,"supportsEl":null,"identifiesControllerService":null},"templateValue":"${config.hive.ingest.root}","userEditable":false,"renderType":"text","renderOptions":{},"selected":true,"inputProperty":false,"containsConfigurationVariables":false,"sensitive":false,"required":false,"templateProperty":null,"nameKey":"NiFi Flow-Update flow parameters-hive.ingest.root","processorNameTypeKey":"Update flow parameters-org.apache.nifi.processors.attributes.UpdateAttribute-hive.ingest.root","idKey":"83eb7aca-015b-1000-bec5-2513fc8d4d5a-4d9697e4-c878-4bfc-d7c4-e2cc9b2085a3-hive.ingest.root"},{"processGroupName":"NiFi Flow","processorName":"Update flow parameters","processorId":"4d9697e4-c878-4bfc-d7c4-e2cc9b2085a3","processGroupId":"83eb7aca-015b-1000-bec5-2513fc8d4d5a","processorType":"org.apache.nifi.processors.attributes.UpdateAttribute","key":"hive.master.root","value":"${config.hive.master.root}","expressionProperties":null,"propertyDescriptor":{"name":"hive.master.root","displayName":null,"description":null,"defaultValue":null,"allowableValues":null,"required":null,"sensitive":null,"dynamic":null,"supportsEl":null,"identifiesControllerService":null},"templateValue":"${config.hive.master.root}","userEditable":false,"renderType":"text","renderOptions":{},"selected":true,"inputProperty":false,"containsConfigurationVariables":false,"sensitive":false,"required":false,"templateProperty":null,"nameKey":"NiFi Flow-Update flow parameters-hive.master.root","processorNameTypeKey":"Update flow parameters-org.apache.nifi.processors.attributes.UpdateAttribute-hive.master.root","idKey":"83eb7aca-015b-1000-bec5-2513fc8d4d5a-4d9697e4-c878-4bfc-d7c4-e2cc9b2085a3-hive.master.root"},{"processGroupName":"NiFi Flow","processorName":"Update flow parameters","processorId":"4d9697e4-c878-4bfc-d7c4-e2cc9b2085a3","processGroupId":"83eb7aca-015b-1000-bec5-2513fc8d4d5a","processorType":"org.apache.nifi.processors.attributes.UpdateAttribute","key":"metadata.dataTransformation.dataTransformScript","value":"${metadata.dataTransformation.dataTransformScript}","expressionProperties":null,"propertyDescriptor":{"name":"metadata.dataTransformation.dataTransformScript","displayName":"metadata.dataTransformation.dataTransformScript","description":"","defaultValue":null,"allowableValues":null,"required":false,"sensitive":false,"dynamic":true,"supportsEl":true,"identifiesControllerService":null},"templateValue":"${metadata.dataTransformation.dataTransformScript}","userEditable":false,"renderType":"text","renderOptions":{},"selected":true,"inputProperty":false,"containsConfigurationVariables":false,"sensitive":false,"required":false,"templateProperty":null,"nameKey":"NiFi Flow-Update flow parameters-metadata.dataTransformation.dataTransformScript","processorNameTypeKey":"Update flow parameters-org.apache.nifi.processors.attributes.UpdateAttribute-metadata.dataTransformation.dataTransformScript","idKey":"83eb7aca-015b-1000-bec5-2513fc8d4d5a-4d9697e4-c878-4bfc-d7c4-e2cc9b2085a3-metadata.dataTransformation.dataTransformScript"},{"processGroupName":"NiFi Flow","processorName":"Update flow parameters","processorId":"4d9697e4-c878-4bfc-d7c4-e2cc9b2085a3","processGroupId":"83eb7aca-015b-1000-bec5-2513fc8d4d5a","processorType":"org.apache.nifi.processors.attributes.UpdateAttribute","key":"metadata.dataTransformation.datasourceIds","value":"${metadata.dataTransformation.datasourceIds}","expressionProperties":null,"propertyDescriptor":{"name":"metadata.dataTransformation.datasourceIds","displayName":"metadata.dataTransformation.datasourceIds","description":"","defaultValue":null,"allowableValues":null,"required":false,"sensitive":false,"dynamic":true,"supportsEl":true,"identifiesControllerService":null},"templateValue":"${metadata.dataTransformation.datasourceIds}","userEditable":false,"renderType":"text","renderOptions":{},"selected":true,"inputProperty":false,"containsConfigurationVariables":false,"sensitive":false,"required":false,"templateProperty":null,"nameKey":"NiFi Flow-Update flow parameters-metadata.dataTransformation.datasourceIds","processorNameTypeKey":"Update flow parameters-org.apache.nifi.processors.attributes.UpdateAttribute-metadata.dataTransformation.datasourceIds","idKey":"83eb7aca-015b-1000-bec5-2513fc8d4d5a-4d9697e4-c878-4bfc-d7c4-e2cc9b2085a3-metadata.dataTransformation.datasourceIds"},{"processGroupName":"NiFi Flow","processorName":"Update flow parameters","processorId":"4d9697e4-c878-4bfc-d7c4-e2cc9b2085a3","processGroupId":"83eb7aca-015b-1000-bec5-2513fc8d4d5a","processorType":"org.apache.nifi.processors.attributes.UpdateAttribute","key":"metadata.table.feedFieldStructure","value":"${metadata.table.feedFieldStructure}","expressionProperties":null,"propertyDescriptor":{"name":"metadata.table.feedFieldStructure","displayName":"metadata.table.feedFieldStructure","description":"","defaultValue":null,"allowableValues":null,"required":false,"sensitive":false,"dynamic":true,"supportsEl":true,"identifiesControllerService":null},"templateValue":"${metadata.table.feedFieldStructure}","userEditable":false,"renderType":"text","renderOptions":{},"selected":true,"inputProperty":false,"containsConfigurationVariables":false,"sensitive":false,"required":false,"templateProperty":null,"nameKey":"NiFi Flow-Update flow parameters-metadata.table.feedFieldStructure","processorNameTypeKey":"Update flow parameters-org.apache.nifi.processors.attributes.UpdateAttribute-metadata.table.feedFieldStructure","idKey":"83eb7aca-015b-1000-bec5-2513fc8d4d5a-4d9697e4-c878-4bfc-d7c4-e2cc9b2085a3-metadata.table.feedFieldStructure"},{"processGroupName":"NiFi Flow","processorName":"Update flow parameters","processorId":"4d9697e4-c878-4bfc-d7c4-e2cc9b2085a3","processGroupId":"83eb7aca-015b-1000-bec5-2513fc8d4d5a","processorType":"org.apache.nifi.processors.attributes.UpdateAttribute","key":"metadata.table.fieldIndexString","value":"${metadata.table.fieldIndexString}","expressionProperties":null,"propertyDescriptor":{"name":"metadata.table.fieldIndexString","displayName":"metadata.table.fieldIndexString","description":"","defaultValue":null,"allowableValues":null,"required":false,"sensitive":false,"dynamic":true,"supportsEl":true,"identifiesControllerService":null},"templateValue":"${metadata.table.fieldIndexString}","userEditable":false,"renderType":"text","renderOptions":{},"selected":true,"inputProperty":false,"containsConfigurationVariables":false,"sensitive":false,"required":false,"templateProperty":null,"nameKey":"NiFi Flow-Update flow parameters-metadata.table.fieldIndexString","processorNameTypeKey":"Update flow parameters-org.apache.nifi.processors.attributes.UpdateAttribute-metadata.table.fieldIndexString","idKey":"83eb7aca-015b-1000-bec5-2513fc8d4d5a-4d9697e4-c878-4bfc-d7c4-e2cc9b2085a3-metadata.table.fieldIndexString"},{"processGroupName":"NiFi Flow","processorName":"Update flow parameters","processorId":"4d9697e4-c878-4bfc-d7c4-e2cc9b2085a3","processGroupId":"83eb7aca-015b-1000-bec5-2513fc8d4d5a","processorType":"org.apache.nifi.processors.attributes.UpdateAttribute","key":"metadata.table.fieldPoliciesJson","value":"${metadata.table.fieldPoliciesJson}","expressionProperties":null,"propertyDescriptor":{"name":"metadata.table.fieldPoliciesJson","displayName":"metadata.table.fieldPoliciesJson","description":"","defaultValue":null,"allowableValues":null,"required":false,"sensitive":false,"dynamic":true,"supportsEl":true,"identifiesControllerService":null},"templateValue":"${metadata.table.fieldPoliciesJson}","userEditable":false,"renderType":"text","renderOptions":{},"selected":true,"inputProperty":false,"containsConfigurationVariables":false,"sensitive":false,"required":false,"templateProperty":null,"nameKey":"NiFi Flow-Update flow parameters-metadata.table.fieldPoliciesJson","processorNameTypeKey":"Update flow parameters-org.apache.nifi.processors.attributes.UpdateAttribute-metadata.table.fieldPoliciesJson","idKey":"83eb7aca-015b-1000-bec5-2513fc8d4d5a-4d9697e4-c878-4bfc-d7c4-e2cc9b2085a3-metadata.table.fieldPoliciesJson"},{"processGroupName":"NiFi Flow","processorName":"Update flow parameters","processorId":"4d9697e4-c878-4bfc-d7c4-e2cc9b2085a3","processGroupId":"83eb7aca-015b-1000-bec5-2513fc8d4d5a","processorType":"org.apache.nifi.processors.attributes.UpdateAttribute","key":"metadata.table.fieldStructure","value":"${metadata.table.fieldStructure}","expressionProperties":null,"propertyDescriptor":{"name":"metadata.table.fieldStructure","displayName":null,"description":null,"defaultValue":null,"allowableValues":null,"required":null,"sensitive":null,"dynamic":null,"supportsEl":null,"identifiesControllerService":null},"templateValue":"${metadata.table.fieldStructure}","userEditable":false,"renderType":"text","renderOptions":{},"selected":true,"inputProperty":false,"containsConfigurationVariables":false,"sensitive":false,"required":false,"templateProperty":null,"nameKey":"NiFi Flow-Update flow parameters-metadata.table.fieldStructure","processorNameTypeKey":"Update flow parameters-org.apache.nifi.processors.attributes.UpdateAttribute-metadata.table.fieldStructure","idKey":"83eb7aca-015b-1000-bec5-2513fc8d4d5a-4d9697e4-c878-4bfc-d7c4-e2cc9b2085a3-metadata.table.fieldStructure"},{"processGroupName":"NiFi Flow","processorName":"Update flow parameters","processorId":"4d9697e4-c878-4bfc-d7c4-e2cc9b2085a3","processGroupId":"83eb7aca-015b-1000-bec5-2513fc8d4d5a","processorType":"org.apache.nifi.processors.attributes.UpdateAttribute","key":"metadata.table.partitionSpecs","value":"${metadata.table.partitionSpecs}","expressionProperties":null,"propertyDescriptor":{"name":"metadata.table.partitionSpecs","displayName":"metadata.table.partitionSpecs","description":"","defaultValue":null,"allowableValues":null,"required":false,"sensitive":false,"dynamic":true,"supportsEl":true,"identifiesControllerService":null},"templateValue":"${metadata.table.partitionSpecs}","userEditable":false,"renderType":"text","renderOptions":{},"selected":true,"inputProperty":false,"containsConfigurationVariables":false,"sensitive":false,"required":false,"templateProperty":null,"nameKey":"NiFi Flow-Update flow parameters-metadata.table.partitionSpecs","processorNameTypeKey":"Update flow parameters-org.apache.nifi.processors.attributes.UpdateAttribute-metadata.table.partitionSpecs","idKey":"83eb7aca-015b-1000-bec5-2513fc8d4d5a-4d9697e4-c878-4bfc-d7c4-e2cc9b2085a3-metadata.table.partitionSpecs"},{"processGroupName":"NiFi Flow","processorName":"Update flow parameters","processorId":"4d9697e4-c878-4bfc-d7c4-e2cc9b2085a3","processGroupId":"83eb7aca-015b-1000-bec5-2513fc8d4d5a","processorType":"org.apache.nifi.processors.attributes.UpdateAttribute","key":"metadata.table.partitionStructure","value":"${metadata.table.partitionStructure}","expressionProperties":null,"propertyDescriptor":{"name":"metadata.table.partitionStructure","displayName":null,"description":null,"defaultValue":null,"allowableValues":null,"required":null,"sensitive":null,"dynamic":null,"supportsEl":null,"identifiesControllerService":null},"templateValue":"${metadata.table.partitionStructure}","userEditable":false,"renderType":"text","renderOptions":{},"selected":true,"inputProperty":false,"containsConfigurationVariables":false,"sensitive":false,"required":false,"templateProperty":null,"nameKey":"NiFi Flow-Update flow parameters-metadata.table.partitionStructure","processorNameTypeKey":"Update flow parameters-org.apache.nifi.processors.attributes.UpdateAttribute-metadata.table.partitionStructure","idKey":"83eb7aca-015b-1000-bec5-2513fc8d4d5a-4d9697e4-c878-4bfc-d7c4-e2cc9b2085a3-metadata.table.partitionStructure"},{"processGroupName":"NiFi Flow","processorName":"Update flow parameters","processorId":"4d9697e4-c878-4bfc-d7c4-e2cc9b2085a3","processGroupId":"83eb7aca-015b-1000-bec5-2513fc8d4d5a","processorType":"org.apache.nifi.processors.attributes.UpdateAttribute","key":"metadata.table.targetFormat","value":"${metadata.table.targetFormat}","expressionProperties":null,"propertyDescriptor":{"name":"metadata.table.targetFormat","displayName":null,"description":null,"defaultValue":null,"allowableValues":null,"required":null,"sensitive":null,"dynamic":null,"supportsEl":null,"identifiesControllerService":null},"templateValue":"${metadata.table.targetFormat}","userEditable":false,"renderType":"text","renderOptions":{},"selected":true,"inputProperty":false,"containsConfigurationVariables":false,"sensitive":false,"required":false,"templateProperty":null,"nameKey":"NiFi Flow-Update flow parameters-metadata.table.targetFormat","processorNameTypeKey":"Update flow parameters-org.apache.nifi.processors.attributes.UpdateAttribute-metadata.table.targetFormat","idKey":"83eb7aca-015b-1000-bec5-2513fc8d4d5a-4d9697e4-c878-4bfc-d7c4-e2cc9b2085a3-metadata.table.targetFormat"},{"processGroupName":"NiFi Flow","processorName":"Update flow parameters","processorId":"4d9697e4-c878-4bfc-d7c4-e2cc9b2085a3","processGroupId":"83eb7aca-015b-1000-bec5-2513fc8d4d5a","processorType":"org.apache.nifi.processors.attributes.UpdateAttribute","key":"metadata.table.targetMergeStrategy","value":"${metadata.table.targetMergeStrategy}","expressionProperties":null,"propertyDescriptor":{"name":"metadata.table.targetMergeStrategy","displayName":"metadata.table.targetMergeStrategy","description":"","defaultValue":null,"allowableValues":null,"required":false,"sensitive":false,"dynamic":true,"supportsEl":true,"identifiesControllerService":null},"templateValue":"${metadata.table.targetMergeStrategy}","userEditable":false,"renderType":"text","renderOptions":{},"selected":true,"inputProperty":false,"containsConfigurationVariables":false,"sensitive":false,"required":false,"templateProperty":null,"nameKey":"NiFi Flow-Update flow parameters-metadata.table.targetMergeStrategy","processorNameTypeKey":"Update flow parameters-org.apache.nifi.processors.attributes.UpdateAttribute-metadata.table.targetMergeStrategy","idKey":"83eb7aca-015b-1000-bec5-2513fc8d4d5a-4d9697e4-c878-4bfc-d7c4-e2cc9b2085a3-metadata.table.targetMergeStrategy"},{"processGroupName":"NiFi Flow","processorName":"Update flow parameters","processorId":"4d9697e4-c878-4bfc-d7c4-e2cc9b2085a3","processGroupId":"83eb7aca-015b-1000-bec5-2513fc8d4d5a","processorType":"org.apache.nifi.processors.attributes.UpdateAttribute","key":"metadata.table.targetTblProperties","value":"${metadata.table.targetTblProperties}","expressionProperties":null,"propertyDescriptor":{"name":"metadata.table.targetTblProperties","displayName":"metadata.table.targetTblProperties","description":"","defaultValue":null,"allowableValues":null,"required":false,"sensitive":false,"dynamic":true,"supportsEl":true,"identifiesControllerService":null},"templateValue":"${metadata.table.targetTblProperties}","userEditable":false,"renderType":"text","renderOptions":{},"selected":true,"inputProperty":false,"containsConfigurationVariables":false,"sensitive":false,"required":false,"templateProperty":null,"nameKey":"NiFi Flow-Update flow parameters-metadata.table.targetTblProperties","processorNameTypeKey":"Update flow parameters-org.apache.nifi.processors.attributes.UpdateAttribute-metadata.table.targetTblProperties","idKey":"83eb7aca-015b-1000-bec5-2513fc8d4d5a-4d9697e4-c878-4bfc-d7c4-e2cc9b2085a3-metadata.table.targetTblProperties"},{"processGroupName":"NiFi Flow","processorName":"Update flow parameters","processorId":"4d9697e4-c878-4bfc-d7c4-e2cc9b2085a3","processGroupId":"83eb7aca-015b-1000-bec5-2513fc8d4d5a","processorType":"org.apache.nifi.processors.attributes.UpdateAttribute","key":"spark.version","value":"${config.spark.version}","expressionProperties":null,"propertyDescriptor":{"name":"spark.version","displayName":"spark.version","description":"","defaultValue":null,"allowableValues":null,"required":false,"sensitive":false,"dynamic":true,"supportsEl":true,"identifiesControllerService":null},"templateValue":"${config.spark.version}","userEditable":false,"renderType":"text","renderOptions":{},"selected":true,"inputProperty":false,"containsConfigurationVariables":false,"sensitive":false,"required":false,"templateProperty":null,"nameKey":"NiFi Flow-Update flow parameters-spark.version","processorNameTypeKey":"Update flow parameters-org.apache.nifi.processors.attributes.UpdateAttribute-spark.version","idKey":"83eb7aca-015b-1000-bec5-2513fc8d4d5a-4d9697e4-c878-4bfc-d7c4-e2cc9b2085a3-spark.version"}],"nonInputProcessors":[{"properties":[{"processGroupName":"NiFi Flow","processorName":"Update flow parameters","processorId":"4d9697e4-c878-4bfc-d7c4-e2cc9b2085a3","processGroupId":"83eb7aca-015b-1000-bec5-2513fc8d4d5a","processorType":"org.apache.nifi.processors.attributes.UpdateAttribute","key":"category","value":"${metadata.category.systemName}","expressionProperties":null,"propertyDescriptor":{"name":"category","displayName":null,"description":null,"defaultValue":null,"allowableValues":null,"required":null,"sensitive":null,"dynamic":null,"supportsEl":null,"identifiesControllerService":null},"templateValue":"${metadata.category.systemName}","userEditable":false,"renderType":"text","renderOptions":{},"selected":true,"inputProperty":false,"containsConfigurationVariables":false,"sensitive":false,"required":false,"templateProperty":null,"nameKey":"NiFi Flow-Update flow parameters-category","processorNameTypeKey":"Update flow parameters-org.apache.nifi.processors.attributes.UpdateAttribute-category","idKey":"83eb7aca-015b-1000-bec5-2513fc8d4d5a-4d9697e4-c878-4bfc-d7c4-e2cc9b2085a3-category"},{"processGroupName":"NiFi Flow","processorName":"Update flow parameters","processorId":"4d9697e4-c878-4bfc-d7c4-e2cc9b2085a3","processGroupId":"83eb7aca-015b-1000-bec5-2513fc8d4d5a","processorType":"org.apache.nifi.processors.attributes.UpdateAttribute","key":"feed","value":"${metadata.systemFeedName}","expressionProperties":null,"propertyDescriptor":{"name":"feed","displayName":null,"description":null,"defaultValue":null,"allowableValues":null,"required":null,"sensitive":null,"dynamic":null,"supportsEl":null,"identifiesControllerService":null},"templateValue":"${metadata.systemFeedName}","userEditable":false,"renderType":"text","renderOptions":{},"selected":true,"inputProperty":false,"containsConfigurationVariables":false,"sensitive":false,"required":false,"templateProperty":null,"nameKey":"NiFi Flow-Update flow parameters-feed","processorNameTypeKey":"Update flow parameters-org.apache.nifi.processors.attributes.UpdateAttribute-feed","idKey":"83eb7aca-015b-1000-bec5-2513fc8d4d5a-4d9697e4-c878-4bfc-d7c4-e2cc9b2085a3-feed"},{"processGroupName":"NiFi Flow","processorName":"Update flow parameters","processorId":"4d9697e4-c878-4bfc-d7c4-e2cc9b2085a3","processGroupId":"83eb7aca-015b-1000-bec5-2513fc8d4d5a","processorType":"org.apache.nifi.processors.attributes.UpdateAttribute","key":"hdfs.ingest.root","value":"${config.hdfs.ingest.root}","expressionProperties":null,"propertyDescriptor":{"name":"hdfs.ingest.root","displayName":null,"description":null,"defaultValue":null,"allowableValues":null,"required":null,"sensitive":null,"dynamic":null,"supportsEl":null,"identifiesControllerService":null},"templateValue":"${config.hdfs.ingest.root}","userEditable":false,"renderType":"text","renderOptions":{},"selected":true,"inputProperty":false,"containsConfigurationVariables":false,"sensitive":false,"required":false,"templateProperty":null,"nameKey":"NiFi Flow-Update flow parameters-hdfs.ingest.root","processorNameTypeKey":"Update flow parameters-org.apache.nifi.processors.attributes.UpdateAttribute-hdfs.ingest.root","idKey":"83eb7aca-015b-1000-bec5-2513fc8d4d5a-4d9697e4-c878-4bfc-d7c4-e2cc9b2085a3-hdfs.ingest.root"},{"processGroupName":"NiFi Flow","processorName":"Update flow parameters","processorId":"4d9697e4-c878-4bfc-d7c4-e2cc9b2085a3","processGroupId":"83eb7aca-015b-1000-bec5-2513fc8d4d5a","processorType":"org.apache.nifi.processors.attributes.UpdateAttribute","key":"hive.ingest.root","value":"${config.hive.ingest.root}","expressionProperties":null,"propertyDescriptor":{"name":"hive.ingest.root","displayName":null,"description":null,"defaultValue":null,"allowableValues":null,"required":null,"sensitive":null,"dynamic":null,"supportsEl":null,"identifiesControllerService":null},"templateValue":"${config.hive.ingest.root}","userEditable":false,"renderType":"text","renderOptions":{},"selected":true,"inputProperty":false,"containsConfigurationVariables":false,"sensitive":false,"required":false,"templateProperty":null,"nameKey":"NiFi Flow-Update flow parameters-hive.ingest.root","processorNameTypeKey":"Update flow parameters-org.apache.nifi.processors.attributes.UpdateAttribute-hive.ingest.root","idKey":"83eb7aca-015b-1000-bec5-2513fc8d4d5a-4d9697e4-c878-4bfc-d7c4-e2cc9b2085a3-hive.ingest.root"},{"processGroupName":"NiFi Flow","processorName":"Update flow parameters","processorId":"4d9697e4-c878-4bfc-d7c4-e2cc9b2085a3","processGroupId":"83eb7aca-015b-1000-bec5-2513fc8d4d5a","processorType":"org.apache.nifi.processors.attributes.UpdateAttribute","key":"hive.master.root","value":"${config.hive.master.root}","expressionProperties":null,"propertyDescriptor":{"name":"hive.master.root","displayName":null,"description":null,"defaultValue":null,"allowableValues":null,"required":null,"sensitive":null,"dynamic":null,"supportsEl":null,"identifiesControllerService":null},"templateValue":"${config.hive.master.root}","userEditable":false,"renderType":"text","renderOptions":{},"selected":true,"inputProperty":false,"containsConfigurationVariables":false,"sensitive":false,"required":false,"templateProperty":null,"nameKey":"NiFi Flow-Update flow parameters-hive.master.root","processorNameTypeKey":"Update flow parameters-org.apache.nifi.processors.attributes.UpdateAttribute-hive.master.root","idKey":"83eb7aca-015b-1000-bec5-2513fc8d4d5a-4d9697e4-c878-4bfc-d7c4-e2cc9b2085a3-hive.master.root"},{"processGroupName":"NiFi Flow","processorName":"Update flow parameters","processorId":"4d9697e4-c878-4bfc-d7c4-e2cc9b2085a3","processGroupId":"83eb7aca-015b-1000-bec5-2513fc8d4d5a","processorType":"org.apache.nifi.processors.attributes.UpdateAttribute","key":"metadata.dataTransformation.dataTransformScript","value":"${metadata.dataTransformation.dataTransformScript}","expressionProperties":null,"propertyDescriptor":{"name":"metadata.dataTransformation.dataTransformScript","displayName":"metadata.dataTransformation.dataTransformScript","description":"","defaultValue":null,"allowableValues":null,"required":false,"sensitive":false,"dynamic":true,"supportsEl":true,"identifiesControllerService":null},"templateValue":"${metadata.dataTransformation.dataTransformScript}","userEditable":false,"renderType":"text","renderOptions":{},"selected":true,"inputProperty":false,"containsConfigurationVariables":false,"sensitive":false,"required":false,"templateProperty":null,"nameKey":"NiFi Flow-Update flow parameters-metadata.dataTransformation.dataTransformScript","processorNameTypeKey":"Update flow parameters-org.apache.nifi.processors.attributes.UpdateAttribute-metadata.dataTransformation.dataTransformScript","idKey":"83eb7aca-015b-1000-bec5-2513fc8d4d5a-4d9697e4-c878-4bfc-d7c4-e2cc9b2085a3-metadata.dataTransformation.dataTransformScript"},{"processGroupName":"NiFi Flow","processorName":"Update flow parameters","processorId":"4d9697e4-c878-4bfc-d7c4-e2cc9b2085a3","processGroupId":"83eb7aca-015b-1000-bec5-2513fc8d4d5a","processorType":"org.apache.nifi.processors.attributes.UpdateAttribute","key":"metadata.dataTransformation.datasourceIds","value":"${metadata.dataTransformation.datasourceIds}","expressionProperties":null,"propertyDescriptor":{"name":"metadata.dataTransformation.datasourceIds","displayName":"metadata.dataTransformation.datasourceIds","description":"","defaultValue":null,"allowableValues":null,"required":false,"sensitive":false,"dynamic":true,"supportsEl":true,"identifiesControllerService":null},"templateValue":"${metadata.dataTransformation.datasourceIds}","userEditable":false,"renderType":"text","renderOptions":{},"selected":true,"inputProperty":false,"containsConfigurationVariables":false,"sensitive":false,"required":false,"templateProperty":null,"nameKey":"NiFi Flow-Update flow parameters-metadata.dataTransformation.datasourceIds","processorNameTypeKey":"Update flow parameters-org.apache.nifi.processors.attributes.UpdateAttribute-metadata.dataTransformation.datasourceIds","idKey":"83eb7aca-015b-1000-bec5-2513fc8d4d5a-4d9697e4-c878-4bfc-d7c4-e2cc9b2085a3-metadata.dataTransformation.datasourceIds"},{"processGroupName":"NiFi Flow","processorName":"Update flow parameters","processorId":"4d9697e4-c878-4bfc-d7c4-e2cc9b2085a3","processGroupId":"83eb7aca-015b-1000-bec5-2513fc8d4d5a","processorType":"org.apache.nifi.processors.attributes.UpdateAttribute","key":"metadata.table.feedFieldStructure","value":"${metadata.table.feedFieldStructure}","expressionProperties":null,"propertyDescriptor":{"name":"metadata.table.feedFieldStructure","displayName":"metadata.table.feedFieldStructure","description":"","defaultValue":null,"allowableValues":null,"required":false,"sensitive":false,"dynamic":true,"supportsEl":true,"identifiesControllerService":null},"templateValue":"${metadata.table.feedFieldStructure}","userEditable":false,"renderType":"text","renderOptions":{},"selected":true,"inputProperty":false,"containsConfigurationVariables":false,"sensitive":false,"required":false,"templateProperty":null,"nameKey":"NiFi Flow-Update flow parameters-metadata.table.feedFieldStructure","processorNameTypeKey":"Update flow parameters-org.apache.nifi.processors.attributes.UpdateAttribute-metadata.table.feedFieldStructure","idKey":"83eb7aca-015b-1000-bec5-2513fc8d4d5a-4d9697e4-c878-4bfc-d7c4-e2cc9b2085a3-metadata.table.feedFieldStructure"},{"processGroupName":"NiFi Flow","processorName":"Update flow parameters","processorId":"4d9697e4-c878-4bfc-d7c4-e2cc9b2085a3","processGroupId":"83eb7aca-015b-1000-bec5-2513fc8d4d5a","processorType":"org.apache.nifi.processors.attributes.UpdateAttribute","key":"metadata.table.fieldIndexString","value":"${metadata.table.fieldIndexString}","expressionProperties":null,"propertyDescriptor":{"name":"metadata.table.fieldIndexString","displayName":"metadata.table.fieldIndexString","description":"","defaultValue":null,"allowableValues":null,"required":false,"sensitive":false,"dynamic":true,"supportsEl":true,"identifiesControllerService":null},"templateValue":"${metadata.table.fieldIndexString}","userEditable":false,"renderType":"text","renderOptions":{},"selected":true,"inputProperty":false,"containsConfigurationVariables":false,"sensitive":false,"required":false,"templateProperty":null,"nameKey":"NiFi Flow-Update flow parameters-metadata.table.fieldIndexString","processorNameTypeKey":"Update flow parameters-org.apache.nifi.processors.attributes.UpdateAttribute-metadata.table.fieldIndexString","idKey":"83eb7aca-015b-1000-bec5-2513fc8d4d5a-4d9697e4-c878-4bfc-d7c4-e2cc9b2085a3-metadata.table.fieldIndexString"},{"processGroupName":"NiFi Flow","processorName":"Update flow parameters","processorId":"4d9697e4-c878-4bfc-d7c4-e2cc9b2085a3","processGroupId":"83eb7aca-015b-1000-bec5-2513fc8d4d5a","processorType":"org.apache.nifi.processors.attributes.UpdateAttribute","key":"metadata.table.fieldPoliciesJson","value":"${metadata.table.fieldPoliciesJson}","expressionProperties":null,"propertyDescriptor":{"name":"metadata.table.fieldPoliciesJson","displayName":"metadata.table.fieldPoliciesJson","description":"","defaultValue":null,"allowableValues":null,"required":false,"sensitive":false,"dynamic":true,"supportsEl":true,"identifiesControllerService":null},"templateValue":"${metadata.table.fieldPoliciesJson}","userEditable":false,"renderType":"text","renderOptions":{},"selected":true,"inputProperty":false,"containsConfigurationVariables":false,"sensitive":false,"required":false,"templateProperty":null,"nameKey":"NiFi Flow-Update flow parameters-metadata.table.fieldPoliciesJson","processorNameTypeKey":"Update flow parameters-org.apache.nifi.processors.attributes.UpdateAttribute-metadata.table.fieldPoliciesJson","idKey":"83eb7aca-015b-1000-bec5-2513fc8d4d5a-4d9697e4-c878-4bfc-d7c4-e2cc9b2085a3-metadata.table.fieldPoliciesJson"},{"processGroupName":"NiFi Flow","processorName":"Update flow parameters","processorId":"4d9697e4-c878-4bfc-d7c4-e2cc9b2085a3","processGroupId":"83eb7aca-015b-1000-bec5-2513fc8d4d5a","processorType":"org.apache.nifi.processors.attributes.UpdateAttribute","key":"metadata.table.fieldStructure","value":"${metadata.table.fieldStructure}","expressionProperties":null,"propertyDescriptor":{"name":"metadata.table.fieldStructure","displayName":null,"description":null,"defaultValue":null,"allowableValues":null,"required":null,"sensitive":null,"dynamic":null,"supportsEl":null,"identifiesControllerService":null},"templateValue":"${metadata.table.fieldStructure}","userEditable":false,"renderType":"text","renderOptions":{},"selected":true,"inputProperty":false,"containsConfigurationVariables":false,"sensitive":false,"required":false,"templateProperty":null,"nameKey":"NiFi Flow-Update flow parameters-metadata.table.fieldStructure","processorNameTypeKey":"Update flow parameters-org.apache.nifi.processors.attributes.UpdateAttribute-metadata.table.fieldStructure","idKey":"83eb7aca-015b-1000-bec5-2513fc8d4d5a-4d9697e4-c878-4bfc-d7c4-e2cc9b2085a3-metadata.table.fieldStructure"},{"processGroupName":"NiFi Flow","processorName":"Update flow parameters","processorId":"4d9697e4-c878-4bfc-d7c4-e2cc9b2085a3","processGroupId":"83eb7aca-015b-1000-bec5-2513fc8d4d5a","processorType":"org.apache.nifi.processors.attributes.UpdateAttribute","key":"metadata.table.partitionSpecs","value":"${metadata.table.partitionSpecs}","expressionProperties":null,"propertyDescriptor":{"name":"metadata.table.partitionSpecs","displayName":"metadata.table.partitionSpecs","description":"","defaultValue":null,"allowableValues":null,"required":false,"sensitive":false,"dynamic":true,"supportsEl":true,"identifiesControllerService":null},"templateValue":"${metadata.table.partitionSpecs}","userEditable":false,"renderType":"text","renderOptions":{},"selected":true,"inputProperty":false,"containsConfigurationVariables":false,"sensitive":false,"required":false,"templateProperty":null,"nameKey":"NiFi Flow-Update flow parameters-metadata.table.partitionSpecs","processorNameTypeKey":"Update flow parameters-org.apache.nifi.processors.attributes.UpdateAttribute-metadata.table.partitionSpecs","idKey":"83eb7aca-015b-1000-bec5-2513fc8d4d5a-4d9697e4-c878-4bfc-d7c4-e2cc9b2085a3-metadata.table.partitionSpecs"},{"processGroupName":"NiFi Flow","processorName":"Update flow parameters","processorId":"4d9697e4-c878-4bfc-d7c4-e2cc9b2085a3","processGroupId":"83eb7aca-015b-1000-bec5-2513fc8d4d5a","processorType":"org.apache.nifi.processors.attributes.UpdateAttribute","key":"metadata.table.partitionStructure","value":"${metadata.table.partitionStructure}","expressionProperties":null,"propertyDescriptor":{"name":"metadata.table.partitionStructure","displayName":null,"description":null,"defaultValue":null,"allowableValues":null,"required":null,"sensitive":null,"dynamic":null,"supportsEl":null,"identifiesControllerService":null},"templateValue":"${metadata.table.partitionStructure}","userEditable":false,"renderType":"text","renderOptions":{},"selected":true,"inputProperty":false,"containsConfigurationVariables":false,"sensitive":false,"required":false,"templateProperty":null,"nameKey":"NiFi Flow-Update flow parameters-metadata.table.partitionStructure","processorNameTypeKey":"Update flow parameters-org.apache.nifi.processors.attributes.UpdateAttribute-metadata.table.partitionStructure","idKey":"83eb7aca-015b-1000-bec5-2513fc8d4d5a-4d9697e4-c878-4bfc-d7c4-e2cc9b2085a3-metadata.table.partitionStructure"},{"processGroupName":"NiFi Flow","processorName":"Update flow parameters","processorId":"4d9697e4-c878-4bfc-d7c4-e2cc9b2085a3","processGroupId":"83eb7aca-015b-1000-bec5-2513fc8d4d5a","processorType":"org.apache.nifi.processors.attributes.UpdateAttribute","key":"metadata.table.targetFormat","value":"${metadata.table.targetFormat}","expressionProperties":null,"propertyDescriptor":{"name":"metadata.table.targetFormat","displayName":null,"description":null,"defaultValue":null,"allowableValues":null,"required":null,"sensitive":null,"dynamic":null,"supportsEl":null,"identifiesControllerService":null},"templateValue":"${metadata.table.targetFormat}","userEditable":false,"renderType":"text","renderOptions":{},"selected":true,"inputProperty":false,"containsConfigurationVariables":false,"sensitive":false,"required":false,"templateProperty":null,"nameKey":"NiFi Flow-Update flow parameters-metadata.table.targetFormat","processorNameTypeKey":"Update flow parameters-org.apache.nifi.processors.attributes.UpdateAttribute-metadata.table.targetFormat","idKey":"83eb7aca-015b-1000-bec5-2513fc8d4d5a-4d9697e4-c878-4bfc-d7c4-e2cc9b2085a3-metadata.table.targetFormat"},{"processGroupName":"NiFi Flow","processorName":"Update flow parameters","processorId":"4d9697e4-c878-4bfc-d7c4-e2cc9b2085a3","processGroupId":"83eb7aca-015b-1000-bec5-2513fc8d4d5a","processorType":"org.apache.nifi.processors.attributes.UpdateAttribute","key":"metadata.table.targetMergeStrategy","value":"${metadata.table.targetMergeStrategy}","expressionProperties":null,"propertyDescriptor":{"name":"metadata.table.targetMergeStrategy","displayName":"metadata.table.targetMergeStrategy","description":"","defaultValue":null,"allowableValues":null,"required":false,"sensitive":false,"dynamic":true,"supportsEl":true,"identifiesControllerService":null},"templateValue":"${metadata.table.targetMergeStrategy}","userEditable":false,"renderType":"text","renderOptions":{},"selected":true,"inputProperty":false,"containsConfigurationVariables":false,"sensitive":false,"required":false,"templateProperty":null,"nameKey":"NiFi Flow-Update flow parameters-metadata.table.targetMergeStrategy","processorNameTypeKey":"Update flow parameters-org.apache.nifi.processors.attributes.UpdateAttribute-metadata.table.targetMergeStrategy","idKey":"83eb7aca-015b-1000-bec5-2513fc8d4d5a-4d9697e4-c878-4bfc-d7c4-e2cc9b2085a3-metadata.table.targetMergeStrategy"},{"processGroupName":"NiFi Flow","processorName":"Update flow parameters","processorId":"4d9697e4-c878-4bfc-d7c4-e2cc9b2085a3","processGroupId":"83eb7aca-015b-1000-bec5-2513fc8d4d5a","processorType":"org.apache.nifi.processors.attributes.UpdateAttribute","key":"metadata.table.targetTblProperties","value":"${metadata.table.targetTblProperties}","expressionProperties":null,"propertyDescriptor":{"name":"metadata.table.targetTblProperties","displayName":"metadata.table.targetTblProperties","description":"","defaultValue":null,"allowableValues":null,"required":false,"sensitive":false,"dynamic":true,"supportsEl":true,"identifiesControllerService":null},"templateValue":"${metadata.table.targetTblProperties}","userEditable":false,"renderType":"text","renderOptions":{},"selected":true,"inputProperty":false,"containsConfigurationVariables":false,"sensitive":false,"required":false,"templateProperty":null,"nameKey":"NiFi Flow-Update flow parameters-metadata.table.targetTblProperties","processorNameTypeKey":"Update flow parameters-org.apache.nifi.processors.attributes.UpdateAttribute-metadata.table.targetTblProperties","idKey":"83eb7aca-015b-1000-bec5-2513fc8d4d5a-4d9697e4-c878-4bfc-d7c4-e2cc9b2085a3-metadata.table.targetTblProperties"},{"processGroupName":"NiFi Flow","processorName":"Update flow parameters","processorId":"4d9697e4-c878-4bfc-d7c4-e2cc9b2085a3","processGroupId":"83eb7aca-015b-1000-bec5-2513fc8d4d5a","processorType":"org.apache.nifi.processors.attributes.UpdateAttribute","key":"spark.version","value":"${config.spark.version}","expressionProperties":null,"propertyDescriptor":{"name":"spark.version","displayName":"spark.version","description":"","defaultValue":null,"allowableValues":null,"required":false,"sensitive":false,"dynamic":true,"supportsEl":true,"identifiesControllerService":null},"templateValue":"${config.spark.version}","userEditable":false,"renderType":"text","renderOptions":{},"selected":true,"inputProperty":false,"containsConfigurationVariables":false,"sensitive":false,"required":false,"templateProperty":null,"nameKey":"NiFi Flow-Update flow parameters-spark.version","processorNameTypeKey":"Update flow parameters-org.apache.nifi.processors.attributes.UpdateAttribute-spark.version","idKey":"83eb7aca-015b-1000-bec5-2513fc8d4d5a-4d9697e4-c878-4bfc-d7c4-e2cc9b2085a3-spark.version"}],"type":"org.apache.nifi.processors.attributes.UpdateAttribute","name":"Update flow parameters","id":"4d9697e4-c878-4bfc-d7c4-e2cc9b2085a3","groupName":"NiFi Flow","groupId":"83eb7aca-015b-1000-bec5-2513fc8d4d5a","inputProcessor":false,"userDefinedInputProcessor":false}],"inputProcessors":[],"id":"2ed2f6f2-65b8-4be3-8e57-8fc8c0d4064b","nifiTemplateId":"bf508598-f860-4c2f-9e6e-b8ca3664b44e","templateName":"Data Transformation","updateDate":1493582502650,"createDate":1493582502650,"icon":"all_inclusive","iconColor":"#AB47BC","description":"Data Transformation","state":"ENABLED","defineTable":false,"reusableTemplate":false,"reusableTemplateConnections":[{"feedOutputPortName":"to-wrangler-port","reusableTemplateInputPortName":"wrangler-input-port","inputPortDisplayName":"wrangler-input-port"},{"feedOutputPortName":"to-wrangler-cleanup-port","reusableTemplateInputPortName":"wrangler-cleanup-port","inputPortDisplayName":"wrangler-cleanup-port"}],"registeredDatasourceDefinitions":[{"processorType":"com.thinkbiganalytics.nifi.v2.ingest.MergeTable","processorName":"Merge Table","processorId":"79024b72-a1f8-1d9c-4ab7-0c8b5d558b12","datasourceDefinition":{"processorType":"com.thinkbiganalytics.nifi.v2.ingest.MergeTable","connectionType":"DESTINATION","datasourcePropertyKeys":["Target schema","Target table"],"datasourceType":"HiveDatasource","identityString":"${Target schema}.${Target table}","description":null,"title":"${Target schema}.${Target table}"}}],"order":1,"templateOrder":null,"feedsCount":0,"stream":false,"configurationProperties":[],"sensitiveProperties":[],"allowPreconditions":false,"dataTransformation":true,"isStream":false}