{"owner":{"displayName":"Data Lake Administrator","email":null,"enabled":true,"groups":["admin","user"],"systemName":"dladmin"},"allowedActions":{"actions":[{"systemName":"accessTemplate","actions":[{"systemName":"editTemplate"},{"systemName":"deleteTemplate"},{"systemName":"exportTemplate"},{"systemName":"createFeedFromTemplate"},{"systemName":"changeTemplatePermissions"}]}]},"roleMemberships":[],"properties":[{"processGroupName":"NiFi Flow","processorName":"TriggerFeed","processorId":"01581000-66f5-1a1e-0000-000000000000","processGroupId":"7c664aaf-3d33-447e-0000-000000000000","processorType":"com.thinkbiganalytics.nifi.v2.metadata.TriggerFeed","key":"System feed category","value":"${metadata.category.systemName}","expressionProperties":null,"propertyDescriptor":{"name":"System feed category","displayName":null,"description":null,"defaultValue":null,"allowableValues":null,"required":null,"sensitive":null,"dynamic":null,"supportsEl":null,"identifiesControllerService":null},"templateValue":"${metadata.category.systemName}","userEditable":false,"renderType":"text","renderOptions":{},"selected":true,"inputProperty":true,"containsConfigurationVariables":false,"sensitive":false,"required":false,"templateProperty":null,"nameKey":"NiFi Flow-TriggerFeed-System feed category","processorNameTypeKey":"TriggerFeed-com.thinkbiganalytics.nifi.v2.metadata.TriggerFeed-System feed category","idKey":"7c664aaf-3d33-447e-0000-000000000000-01581000-66f5-1a1e-0000-000000000000-System feed category"},{"processGroupName":"NiFi Flow","processorName":"TriggerFeed","processorId":"01581000-66f5-1a1e-0000-000000000000","processGroupId":"7c664aaf-3d33-447e-0000-000000000000","processorType":"com.thinkbiganalytics.nifi.v2.metadata.TriggerFeed","key":"System feed name","value":"${metadata.systemFeedName}","expressionProperties":null,"propertyDescriptor":{"name":"System feed name","displayName":null,"description":null,"defaultValue":null,"allowableValues":null,"required":null,"sensitive":null,"dynamic":null,"supportsEl":null,"identifiesControllerService":null},"templateValue":"${metadata.systemFeedName}","userEditable":false,"renderType":"text","renderOptions":{},"selected":true,"inputProperty":true,"containsConfigurationVariables":false,"sensitive":false,"required":false,"templateProperty":null,"nameKey":"NiFi Flow-TriggerFeed-System feed name","processorNameTypeKey":"TriggerFeed-com.thinkbiganalytics.nifi.v2.metadata.TriggerFeed-System feed name","idKey":"7c664aaf-3d33-447e-0000-000000000000-01581000-66f5-1a1e-0000-000000000000-System feed name"},{"processGroupName":"NiFi Flow","processorName":"Initialize Parameters","processorId":"1f4c4466-b172-13b0-0000-000000000000","processGroupId":"7c664aaf-3d33-447e-0000-000000000000","processorType":"org.apache.nifi.processors.attributes.UpdateAttribute","key":"invalidThresholdPercentage","value":"5","expressionProperties":null,"propertyDescriptor":{"name":"invalidThresholdPercentage","displayName":null,"description":null,"defaultValue":null,"allowableValues":null,"required":null,"sensitive":null,"dynamic":null,"supportsEl":null,"identifiesControllerService":null},"templateValue":"5","userEditable":true,"renderType":"number","renderOptions":{"selectCustom":"false"},"selected":true,"inputProperty":false,"containsConfigurationVariables":false,"sensitive":false,"required":false,"templateProperty":null,"nameKey":"NiFi Flow-Initialize Parameters-invalidThresholdPercentage","processorNameTypeKey":"Initialize Parameters-org.apache.nifi.processors.attributes.UpdateAttribute-invalidThresholdPercentage","idKey":"7c664aaf-3d33-447e-0000-000000000000-1f4c4466-b172-13b0-0000-000000000000-invalidThresholdPercentage"}],"nonInputProcessors":[{"properties":[{"processGroupName":"NiFi Flow","processorName":"Initialize Parameters","processorId":"1f4c4466-b172-13b0-0000-000000000000","processGroupId":"7c664aaf-3d33-447e-0000-000000000000","processorType":"org.apache.nifi.processors.attributes.UpdateAttribute","key":"invalidThresholdPercentage","value":"5","expressionProperties":null,"propertyDescriptor":{"name":"invalidThresholdPercentage","displayName":null,"description":null,"defaultValue":null,"allowableValues":null,"required":null,"sensitive":null,"dynamic":null,"supportsEl":null,"identifiesControllerService":null},"templateValue":"5","userEditable":true,"renderType":"number","renderOptions":{"selectCustom":"false"},"selected":true,"inputProperty":false,"containsConfigurationVariables":false,"sensitive":false,"required":false,"templateProperty":null,"nameKey":"NiFi Flow-Initialize Parameters-invalidThresholdPercentage","processorNameTypeKey":"Initialize Parameters-org.apache.nifi.processors.attributes.UpdateAttribute-invalidThresholdPercentage","idKey":"7c664aaf-3d33-447e-0000-000000000000-1f4c4466-b172-13b0-0000-000000000000-invalidThresholdPercentage"}],"type":"org.apache.nifi.processors.attributes.UpdateAttribute","name":"Initialize Parameters","id":"1f4c4466-b172-13b0-0000-000000000000","groupName":"NiFi Flow","groupId":"7c664aaf-3d33-447e-0000-000000000000","inputProcessor":false,"userDefinedInputProcessor":false}],"inputProcessors":[{"properties":[{"processGroupName":"NiFi Flow","processorName":"TriggerFeed","processorId":"01581000-66f5-1a1e-0000-000000000000","processGroupId":"7c664aaf-3d33-447e-0000-000000000000","processorType":"com.thinkbiganalytics.nifi.v2.metadata.TriggerFeed","key":"System feed category","value":"${metadata.category.systemName}","expressionProperties":null,"propertyDescriptor":{"name":"System feed category","displayName":null,"description":null,"defaultValue":null,"allowableValues":null,"required":null,"sensitive":null,"dynamic":null,"supportsEl":null,"identifiesControllerService":null},"templateValue":"${metadata.category.systemName}","userEditable":false,"renderType":"text","renderOptions":{},"selected":true,"inputProperty":true,"containsConfigurationVariables":false,"sensitive":false,"required":false,"templateProperty":null,"nameKey":"NiFi Flow-TriggerFeed-System feed category","processorNameTypeKey":"TriggerFeed-com.thinkbiganalytics.nifi.v2.metadata.TriggerFeed-System feed category","idKey":"7c664aaf-3d33-447e-0000-000000000000-01581000-66f5-1a1e-0000-000000000000-System feed category"},{"processGroupName":"NiFi Flow","processorName":"TriggerFeed","processorId":"01581000-66f5-1a1e-0000-000000000000","processGroupId":"7c664aaf-3d33-447e-0000-000000000000","processorType":"com.thinkbiganalytics.nifi.v2.metadata.TriggerFeed","key":"System feed name","value":"${metadata.systemFeedName}","expressionProperties":null,"propertyDescriptor":{"name":"System feed name","displayName":null,"description":null,"defaultValue":null,"allowableValues":null,"required":null,"sensitive":null,"dynamic":null,"supportsEl":null,"identifiesControllerService":null},"templateValue":"${metadata.systemFeedName}","userEditable":false,"renderType":"text","renderOptions":{},"selected":true,"inputProperty":true,"containsConfigurationVariables":false,"sensitive":false,"required":false,"templateProperty":null,"nameKey":"NiFi Flow-TriggerFeed-System feed name","processorNameTypeKey":"TriggerFeed-com.thinkbiganalytics.nifi.v2.metadata.TriggerFeed-System feed name","idKey":"7c664aaf-3d33-447e-0000-000000000000-01581000-66f5-1a1e-0000-000000000000-System feed name"}],"type":"com.thinkbiganalytics.nifi.v2.metadata.TriggerFeed","name":"TriggerFeed","id":"01581000-66f5-1a1e-0000-000000000000","groupName":"NiFi Flow","groupId":"7c664aaf-3d33-447e-0000-000000000000","inputProcessor":true,"userDefinedInputProcessor":false}],"id":"e0f4e93f-6b78-41d4-aa58-31d65cb7eb0d","nifiTemplateId":"b295beaf-4a66-41cc-b2e9-30a41473e328","templateName":"Data Confidence Invalid Records","updateDate":1493582505174,"createDate":1493582505174,"icon":"highlight","iconColor":"#66BB6A","description":"Data Confidence Check - Invalid record count percentage","state":"ENABLED","defineTable":false,"reusableTemplate":false,"reusableTemplateConnections":[],"registeredDatasourceDefinitions":[],"order":2,"templateOrder":null,"feedsCount":0,"stream":false,"configurationProperties":[],"sensitiveProperties":[],"allowPreconditions":true,"dataTransformation":false,"isStream":false}